{"mixture_weights": [0.2175994534008872, 0.4452848002007058, 0.337115746398407], "mixture_locations": [4.479717357285271, 5.179620988358239, 6.372467233023256], "mixture_scales": [0.17562842145898605, 0.40793654100080035, 0.28325005366697126], "tail_parameter": 1.1200989860408677, "tail_threshold": 6.979931508466349, "tail_scale": 0.11320654513434768}