{"mixture_weights": [0.09416842979832357, 0.040559458951612476, 0.2084706158205049, 0.1406595779587438, 0.030974320619865787, 0.025028497122369226, 0.08211941987329041, 0.20993124027043716, 0.008600549253252987, 0.027464909296152886, 0.03704047375142165, 0.01854122832598827, 0.025308607889785697, 0.0013062043585237194, 0.04982646670972742], "mixture_locations": [6.16000224667197, 5.550656262513066, 4.81971493318633, 4.483097019618831, 5.5686482381686675, 5.781835890509714, 5.198996648472463, 6.5095453254075135, 6.275249723993387, 5.5797024380437685, 5.508053788669156, 5.561944315166373, 5.631056468338167, 8.81137658830848, 4.272469419180563], "mixture_scales": [0.1618811492819385, 0.27204001136954586, 0.20654133211941614, 0.12876458820073342, 0.27735239105282644, 0.41050476595870533, 0.1491519259879984, 0.19970551592174843, 0.7705057403985891, 0.2843869191098529, 0.2811113724625299, 0.27338728887127683, 0.3189550508044399, 3.7721069502321174, 0.07587573968044072]}